{
    "pools": [
      {
        "rolls": 1,
        "entries": [
          {
            "type": "minecraft:item",
            "name": "minecraft:stick"
          }
        ],
        "functions": [
          {
            "function": "minecraft:set_nbt",
            "tag": "{Tag:\"BejeweledHilt\",display:{Name:'{\"text\":\"Bejeweled Hilt\",\"color\":\"aqua\",\"italic\":false,\"bold\":false,\"underlined\":false}',Lore:['{\"text\":\"Rare Ingredient\",\"color\":\"yellow\",\"italic\":false}']},CustomModelData:982003}"
          }
        ]
      }
    ]
  }
  