{
    "pools": [
      {
        "rolls": 1,
        "entries": [
          {
            "type": "minecraft:item",
            "name": "minecraft:stick"
          }
        ],
        "functions": [
          {
            "function": "minecraft:set_nbt",
            "tag": "{Tag:\"GildedHilt\",display:{Name:'{\"text\":\"Gilded Hilt\",\"color\":\"gold\",\"italic\":false,\"bold\":false,\"underlined\":false}',Lore:['{\"text\":\"Uncommon Ingredient\",\"color\":\"aqua\",\"italic\":false}']},CustomModelData:982002}"
          }
        ]
      }
    ]
  }
  