{
  "type": "minecraft:entity",
  "pools": [
    {
      "bonus_rolls": 0.0,
      "entries": [
        {
          "type": "minecraft:item",
          "functions": [
            {
              "function": "minecraft:set_count",
              "count": {
                "type": "binomial",
                "n": {
                  "type": "score",
                  "score": "gen.crops.calc",
                  "scale": 1,
                  "target": {
                    "type": "fixed",
                    "name": "#loot_table_bonus"
                  }
                },
                "p": 0.5
              },
              "add": true
            }
          ],
          "name": "minecraft:rabbit_foot"
        }
      ],
      "rolls": 1.0
    }
  ]
}