{
  "condition": "all_of",
  "terms": [
    {
      "condition": "location_check",
      "offsetY": -1,
      "predicate": {
        "block": {
          "tag": "gen:crops/soil"
        }
      }
    },
    {
      "condition": "location_check",
      "predicate": {
        "block": {
          "tag": "minecraft:replaceable"
        }
      }
    },
    {
      "condition": "location_check",
      "offsetY": 1,
      "predicate": {
        "block": {
          "tag": "minecraft:replaceable"
        }
      }
    }
  ]
}