{
  "condition": "all_of",
  "terms": [
    {
      "condition": "inverted",
      "term": {
        "condition": "location_check",
        "predicate": {
          "block": {
            "blocks": [
              "minecraft:sunflower"
            ]
          }
        }
      }
    },
    {
      "condition": "location_check",
      "offsetY": 1,
      "predicate": {
        "block": {
          "blocks": [
            "minecraft:moving_piston"
          ]
        }
      }
    }
  ]
}