{
  "parent": "gen:crops/root",
  "criteria": {
    "use": {
      "trigger": "minecraft:item_used_on_block",
      "conditions": {
        "location": [
          {
            "condition": "minecraft:location_check",
            "predicate": {
              "block": {
                "blocks": [
                  "minecraft:sunflower"
                ],
                "state": {
                  "half": "lower"
                }
              }
            }
          },
          {
            "condition": "minecraft:match_tool",
            "predicate": {
              "items": [
                "minecraft:bone_meal"
              ]
            }
          }
        ]
      }
    }
  },
  "requirements": [
    [
      "use"
    ]
  ],
  "rewards": {
    "function": "gen:crops/internal/bone_meal/advancement_triggered"
  }
}