{"values":[{"id":"minecraft:the_void","required":false},{"id":"minecraft:plains","required":false},{"id":"minecraft:sunflower_plains","required":false},{"id":"minecraft:forest","required":false},{"id":"minecraft:flower_forest","required":false},{"id":"minecraft:birch_forest","required":false},{"id":"minecraft:dark_forest","required":false},{"id":"minecraft:swamp","required":false},{"id":"minecraft:mangrove_swamp","required":false},{"id":"minecraft:jungle","required":false},{"id":"minecraft:sparse_jungle","required":false},{"id":"minecraft:bamboo_jungle","required":false},{"id":"minecraft:beach","required":false},{"id":"minecraft:mushroom_fields","required":false},{"id":"minecraft:meadow","required":false},{"id":"minecraft:stony_peaks","required":false},{"id":"minecraft:windswept_hills","required":false},{"id":"minecraft:windswept_gravelly_hills","required":false},{"id":"minecraft:windswept_forest","required":false},{"id":"minecraft:taiga","required":false},{"id":"minecraft:stony_shore","required":false},{"id":"minecraft:snowy_plains","required":false},{"id":"minecraft:ice_spikes","required":false},{"id":"minecraft:snowy_taiga","required":false},{"id":"minecraft:snowy_beach","required":false},{"id":"minecraft:grove","required":false},{"id":"minecraft:snowy_slopes","required":false},{"id":"minecraft:jagged_peaks","required":false},{"id":"minecraft:frozen_peaks","required":false},{"id":"minecraft:desert","required":false},{"id":"minecraft:savanna","required":false},{"id":"minecraft:savanna_plateau","required":false},{"id":"minecraft:windswept_savanna","required":false},{"id":"minecraft:badlands","required":false},{"id":"minecraft:wooded_badlands","required":false},{"id":"minecraft:eroded_badlands","required":false},{"id":"minecraft:river","required":false},{"id":"minecraft:frozen_river","required":false},{"id":"minecraft:ocean","required":false},{"id":"minecraft:warm_ocean","required":false},{"id":"minecraft:lukewarm_ocean","required":false},{"id":"minecraft:deep_lukewarm_ocean","required":false},{"id":"minecraft:cold_ocean","required":false},{"id":"minecraft:deep_ocean","required":false},{"id":"minecraft:deep_cold_ocean","required":false},{"id":"minecraft:frozen_ocean","required":false},{"id":"minecraft:deep_frozen_ocean","required":false},{"id":"minecraft:soul_sand_valley","required":false},{"id":"minecraft:warped_forest","required":false},{"id":"minecraft:nether_wastes","required":false},{"id":"minecraft:basalt_deltas","required":false},{"id":"minecraft:crimson_forest","required":false},{"id":"minecraft:the_end","required":false},{"id":"minecraft:small_end_islands","required":false},{"id":"minecraft:end_barrens","required":false},{"id":"minecraft:end_midlands","required":false},{"id":"minecraft:end_highlands","required":false},{"id":"minecraft:dripstone_caves","required":false},{"id":"minecraft:lush_caves","required":false},{"id":"minecraft:deep_dark","required":false},{"id":"minecraft:old_growth_birch_forest","required":false},{"id":"minecraft:old_growth_pine_taiga","required":false},{"id":"minecraft:old_growth_spruce_taiga","required":false},{"id":"minecraft:old_growth_spruce_taiga","required":false},{"id":"minecraft:cherry_grove","required":false}]}