{
  "pools": [
    {
      "rolls": 1,
      "entries": [
        {
          "type": "minecraft:item",
          "name": "minecraft:small_amethyst_bud",
          "functions": [
            {
              "function": "minecraft:set_nbt",
              "tag": "{Tag:\"Crystal Buds\",display:{Name:'{\"text\":\"Crystal Buds\",\"color\":\"dark_purple\",\"italic\":false}',Lore:['{\"text\":\"[]Uncommon Ingredient\",\"color\":\"aqua\",\"italic\":false}']}}"
            }
          ],
          "conditions": [
            {
              "condition": "minecraft:random_chance",
              "chance": 0.2
            }
          ]
        }
      ]
    }
  ]
}
